ID,Title,Link,titleSlug,Approach,Difficulty,Topics
4,Median of Two Sorted Arrays,Median of Two Sorted Arrays,median-of-two-sorted-arrays,,Hard,"Array, Binary Search, Divide and Conquer, "
10,Regular Expression Matching,Regular Expression Matching,regular-expression-matching,,Hard,"String, Dynamic Programming, Backtracking, "
15,3Sum,3Sum,3sum,,Hard,"Array, Two Pointers, "
17,Letter Combinations of a Phone Number,Letter Combinations of a Phone Number,letter-combinations-of-a-phone-number,,Hard,"String, Backtracking, "
18,4Sum,4Sum,4sum,,Hard,"Array, Hash Table, Two Pointers, "
21,Merge Two Sorted Lists,Merge Two Sorted Lists,merge-two-sorted-lists,,Hard,"Linked List, "
25,Reverse Nodes in k-Group,Reverse Nodes in k-Group,reverse-nodes-in-k-group,,Hard,"Linked List, "
35,Search Insert Position,Search Insert Position,search-insert-position,,Hard,"Array, Binary Search, "
57,Insert Interval,Insert Interval,insert-interval,,Hard,"Array, Sort, "
59,Spiral Matrix II,Spiral Matrix II,spiral-matrix-ii,,Hard,"Array, "
63,Unique Paths II,Unique Paths II,unique-paths-ii,,Hard,"Array, Dynamic Programming, "
67,Add Binary,Add Binary,add-binary,,Hard,"Math, String, "
73,Set Matrix Zeroes,Set Matrix Zeroes,set-matrix-zeroes,,Hard,"Array, "
98,Validate Binary Search Tree,Validate Binary Search Tree,validate-binary-search-tree,,Hard,"Tree, Depth-first Search, "
107,Binary Tree Level Order Traversal II,Binary Tree Level Order Traversal II,binary-tree-level-order-traversal-ii,,Hard,"Tree, Breadth-first Search, "
114,Flatten Binary Tree to Linked List,Flatten Binary Tree to Linked List,flatten-binary-tree-to-linked-list,,Hard,"Breadth-first Search, "
117,Populating Next Right Pointers in Each Node II,Populating Next Right Pointers in Each Node II,populating-next-right-pointers-in-each-node-ii,,Hard,"Tree, Depth-first Search, "
120,Triangle,Triangle,triangle,,Hard,"Array, Dynamic Programming, "
126,Word Ladder II,Word Ladder II,word-ladder-ii,,Hard,"Array, String, Backtracking, Breadth-first Search, "
135,Candy,Candy,candy,,Hard,"Greedy, "
141,Linked List Cycle,Linked List Cycle,linked-list-cycle,,Hard,"Linked List, Two Pointers, "
153,Find Minimum in Rotated Sorted Array,Find Minimum in Rotated Sorted Array,find-minimum-in-rotated-sorted-array,,Hard,"Array, Binary Search, "
155,Min Stack,Min Stack,min-stack,,Hard,"Binary Search, Tree, "
160,Intersection of Two Linked Lists,Intersection of Two Linked Lists,intersection-of-two-linked-lists,,Hard,"Linked List, "
171,Excel Sheet Column Number,Excel Sheet Column Number,excel-sheet-column-number,,Hard,"Math, "
173,Binary Search Tree Iterator,Binary Search Tree Iterator,binary-search-tree-iterator,,Hard,"Stack, Tree, Design, "
175,Combine Two Tables,Combine Two Tables,combine-two-tables,,Hard,
179,Largest Number,Largest Number,largest-number,,Hard,"Sort, "
181,Employees Earning More Than Their Managers,Employees Earning More Than Their Managers,employees-earning-more-than-their-managers,,Hard,
183,Customers Who Never Order,Customers Who Never Order,customers-who-never-order,,Hard,
201,Bitwise AND of Numbers Range,Bitwise AND of Numbers Range,bitwise-and-of-numbers-range,,Hard,"Bit Manipulation, "
214,Shortest Palindrome,Shortest Palindrome,shortest-palindrome,,Hard,"String, "
222,Count Complete Tree Nodes,Count Complete Tree Nodes,count-complete-tree-nodes,,Hard,"Stack, Design, "
224,Basic Calculator,Basic Calculator,basic-calculator,,Hard,"Math, Stack, "
227,Basic Calculator II,Basic Calculator II,basic-calculator-ii,,Hard,"String, "
229,Majority Element II,Majority Element II,majority-element-ii,,Hard,"Array, "
232,Implement Queue using Stacks,Implement Queue using Stacks,implement-queue-using-stacks,,Hard,"Stack, Design, "
234,Palindrome Linked List,Palindrome Linked List,palindrome-linked-list,,Hard,"Linked List, Two Pointers, "
242,Valid Anagram,Valid Anagram,valid-anagram,,Hard,"Hash Table, Sort, "
243,Shortest Word Distance,Shortest Word Distance,shortest-word-distance,,Hard,"Array, "
255,Verify Preorder Sequence in Binary Search Tree,Verify Preorder Sequence in Binary Search Tree,verify-preorder-sequence-in-binary-search-tree,,Hard,"Stack, Tree, "
256,Paint House,Paint House,paint-house,,Hard,"Dynamic Programming, "
259,3Sum Smaller,3Sum Smaller,3sum-smaller,,Hard,"Array, Two Pointers, "
266,Palindrome Permutation,Palindrome Permutation,palindrome-permutation,,Hard,"Hash Table, "
267,Palindrome Permutation II,Palindrome Permutation II,palindrome-permutation-ii,,Hard,"Backtracking, "
270,Closest Binary Search Tree Value,Closest Binary Search Tree Value,closest-binary-search-tree-value,,Hard,"Binary Search, Tree, "
277,Find the Celebrity,Find the Celebrity,find-the-celebrity,,Hard,"Array, "
280,Wiggle Sort,Wiggle Sort,wiggle-sort,,Hard,"Array, Sort, "
282,Expression Add Operators,Expression Add Operators,expression-add-operators,,Hard,"Divide and Conquer, "
287,Find the Duplicate Number,Find the Duplicate Number,find-the-duplicate-number,,Hard,"Array, Two Pointers, Binary Search, "
289,Game of Life,Game of Life,game-of-life,,Hard,"Array, "
290,Word Pattern,Word Pattern,word-pattern,,Hard,"Hash Table, "
294,Flip Game II,Flip Game II,flip-game-ii,,Hard,"Backtracking, Minimax, "
296,Best Meeting Point,Best Meeting Point,best-meeting-point,,Hard,"Math, Sort, "
304,Range Sum Query 2D - Immutable,Range Sum Query 2D - Immutable,range-sum-query-2d-immutable,,Hard,"Dynamic Programming, "
308,Range Sum Query 2D - Mutable,Range Sum Query 2D - Mutable,range-sum-query-2d-mutable,,Hard,"Binary Indexed Tree, Segment Tree, "
314,Binary Tree Vertical Order Traversal,Binary Tree Vertical Order Traversal,binary-tree-vertical-order-traversal,,Hard,"Depth-first Search, Breadth-first Search, "
318,Maximum Product of Word Lengths,Maximum Product of Word Lengths,maximum-product-of-word-lengths,,Hard,"Bit Manipulation, "
320,Generalized Abbreviation,Generalized Abbreviation,generalized-abbreviation,,Hard,"Backtracking, Bit Manipulation, "
327,Count of Range Sum,Count of Range Sum,count-of-range-sum,,Hard,"Binary Search, Divide and Conquer, Sort, Binary Indexed Tree, Segment Tree, "
328,Odd Even Linked List,Odd Even Linked List,odd-even-linked-list,,Hard,"Linked List, "
330,Patching Array,Patching Array,patching-array,,Hard,"Greedy, "
333,Largest BST Subtree,Largest BST Subtree,largest-bst-subtree,,Hard,"Tree, "
336,Palindrome Pairs,Palindrome Pairs,palindrome-pairs,,Hard,"Hash Table, String, Trie, "
346,Moving Average from Data Stream,Moving Average from Data Stream,moving-average-from-data-stream,,Hard,"Design, Queue, "
361,Bomb Enemy,Bomb Enemy,bomb-enemy,,Hard,"Dynamic Programming, "
362,Design Hit Counter,Design Hit Counter,design-hit-counter,,Hard,"Design, "
377,Combination Sum IV,Combination Sum IV,combination-sum-iv,,Hard,"Dynamic Programming, "
381,Insert Delete GetRandom O(1) - Duplicates allowed,Insert Delete GetRandom O(1) - Duplicates allowed,insert-delete-getrandom-o1-duplicates-allowed,,Hard,"Array, Hash Table, Design, "
386,Lexicographical Numbers,Lexicographical Numbers,lexicographical-numbers,,Hard,
392,Is Subsequence,Is Subsequence,is-subsequence,,Hard,"Binary Search, Dynamic Programming, Greedy, "
403,Frog Jump,Frog Jump,frog-jump,,Hard,"Dynamic Programming, "
404,Sum of Left Leaves,Sum of Left Leaves,sum-of-left-leaves,,Hard,"Tree, "
406,Queue Reconstruction by Height,Queue Reconstruction by Height,queue-reconstruction-by-height,,Hard,"Greedy, "
409,Longest Palindrome,Longest Palindrome,longest-palindrome,,Hard,"Hash Table, "
413,Arithmetic Slices,Arithmetic Slices,arithmetic-slices,,Hard,"Math, Dynamic Programming, "
421,Maximum XOR of Two Numbers in an Array,Maximum XOR of Two Numbers in an Array,maximum-xor-of-two-numbers-in-an-array,,Hard,"Bit Manipulation, Trie, "
426,Convert Binary Search Tree to Sorted Doubly Linked List,Convert Binary Search Tree to Sorted Doubly Linked List,convert-binary-search-tree-to-sorted-doubly-linked-list,,Hard,"Linked List, Divide and Conquer, Tree, "
429,N-ary Tree Level Order Traversal,N-ary Tree Level Order Traversal,n-ary-tree-level-order-traversal,,Hard,"Tree, Breadth-first Search, "
430,Flatten a Multilevel Doubly Linked List,Flatten a Multilevel Doubly Linked List,flatten-a-multilevel-doubly-linked-list,,Hard,"Linked List, Depth-first Search, "
431,Encode N-ary Tree to Binary Tree,Encode N-ary Tree to Binary Tree,encode-n-ary-tree-to-binary-tree,,Hard,"Tree, "
432,All O`one Data Structure,All O`one Data Structure,all-oone-data-structure,,Hard,"Design, "
433,Minimum Genetic Mutation,Minimum Genetic Mutation,minimum-genetic-mutation,,Hard,
439,Ternary Expression Parser,Ternary Expression Parser,ternary-expression-parser,,Hard,"Stack, Depth-first Search, "
445,Add Two Numbers II,Add Two Numbers II,add-two-numbers-ii,,Hard,"Linked List, "
446,Arithmetic Slices II - Subsequence,Arithmetic Slices II - Subsequence,arithmetic-slices-ii-subsequence,,Hard,"Dynamic Programming, "
455,Assign Cookies,Assign Cookies,assign-cookies,,Hard,"Greedy, "
459,Repeated Substring Pattern,Repeated Substring Pattern,repeated-substring-pattern,,Hard,"String, "
460,LFU Cache,LFU Cache,lfu-cache,,Hard,"Design, "
462,Minimum Moves to Equal Array Elements II,Minimum Moves to Equal Array Elements II,minimum-moves-to-equal-array-elements-ii,,Hard,"Math, "
464,Can I Win,Can I Win,can-i-win,,Hard,"Dynamic Programming, Minimax, "
465,Optimal Account Balancing,Optimal Account Balancing,optimal-account-balancing,,Hard,
467,Unique Substrings in Wraparound String,Unique Substrings in Wraparound String,unique-substrings-in-wraparound-string,,Hard,"Dynamic Programming, "
472,Concatenated Words,Concatenated Words,concatenated-words,,Hard,"Dynamic Programming, Depth-first Search, Trie, "
473,Matchsticks to Square,Matchsticks to Square,matchsticks-to-square,,Hard,"Depth-first Search, "
476,Number Complement,Number Complement,number-complement,,Hard,"Bit Manipulation, "
480,Sliding Window Median,Sliding Window Median,sliding-window-median,,Hard,"Sliding Window, "
490,The Maze,The Maze,the-maze,,Hard,"Depth-first Search, Breadth-first Search, "
491,Increasing Subsequences,Increasing Subsequences,increasing-subsequences,,Hard,"Depth-first Search, "
493,Reverse Pairs,Reverse Pairs,reverse-pairs,,Hard,"Binary Search, Divide and Conquer, Sort, Binary Indexed Tree, Segment Tree, "
502,IPO,IPO,ipo,,Hard,"Heap, Greedy, "
510,Inorder Successor in BST II,Inorder Successor in BST II,inorder-successor-in-bst-ii,,Hard,"Tree, "
511,Game Play Analysis I,Game Play Analysis I,game-play-analysis-i,,Hard,
513,Find Bottom Left Tree Value,Find Bottom Left Tree Value,find-bottom-left-tree-value,,Hard,"Tree, Depth-first Search, Breadth-first Search, "
516,Longest Palindromic Subsequence,Longest Palindromic Subsequence,longest-palindromic-subsequence,,Hard,"Dynamic Programming, "
534,Game Play Analysis III,Game Play Analysis III,game-play-analysis-iii,,Hard,
546,Remove Boxes,Remove Boxes,remove-boxes,,Hard,"Dynamic Programming, Depth-first Search, "
557,Reverse Words in a String III,Reverse Words in a String III,reverse-words-in-a-string-iii,,Hard,"String, "
565,Array Nesting,Array Nesting,array-nesting,,Hard,"Array, "
566,Reshape the Matrix,Reshape the Matrix,reshape-the-matrix,,Hard,"Array, "
570,Managers with at Least 5 Direct Reports,Managers with at Least 5 Direct Reports,managers-with-at-least-5-direct-reports,,Hard,
586,Customer Placing the Largest Number of Orders,Customer Placing the Largest Number of Orders,customer-placing-the-largest-number-of-orders,,Hard,
588,Design In-Memory File System,Design In-Memory File System,design-in-memory-file-system,,Hard,"Design, "
589,N-ary Tree Preorder Traversal,N-ary Tree Preorder Traversal,n-ary-tree-preorder-traversal,,Hard,"Tree, "
590,N-ary Tree Postorder Traversal,N-ary Tree Postorder Traversal,n-ary-tree-postorder-traversal,,Hard,"Tree, "
594,Longest Harmonious Subsequence,Longest Harmonious Subsequence,longest-harmonious-subsequence,,Hard,"Hash Table, "
603,Consecutive Available Seats,Consecutive Available Seats,consecutive-available-seats,,Hard,
608,Tree Node,Tree Node,tree-node,,Hard,
611,Valid Triangle Number,Valid Triangle Number,valid-triangle-number,,Hard,"Array, "
616,Add Bold Tag in String,Add Bold Tag in String,add-bold-tag-in-string,,Hard,"String, "
622,Design Circular Queue,Design Circular Queue,design-circular-queue,,Hard,"Design, Queue, "
624,Maximum Distance in Arrays,Maximum Distance in Arrays,maximum-distance-in-arrays,,Hard,"Array, Hash Table, "
637,Average of Levels in Binary Tree,Average of Levels in Binary Tree,average-of-levels-in-binary-tree,,Hard,"Tree, "
643,Maximum Average Subarray I,Maximum Average Subarray I,maximum-average-subarray-i,,Hard,"Array, "
644,Maximum Average Subarray II,Maximum Average Subarray II,maximum-average-subarray-ii,,Hard,"Array, Binary Search, "
646,Maximum Length of Pair Chain,Maximum Length of Pair Chain,maximum-length-of-pair-chain,,Hard,"Dynamic Programming, "
651,4 Keys Keyboard,4 Keys Keyboard,4-keys-keyboard,,Hard,"Math, Dynamic Programming, Greedy, "
652,Find Duplicate Subtrees,Find Duplicate Subtrees,find-duplicate-subtrees,,Hard,"Tree, "
653,Two Sum IV - Input is a BST,Two Sum IV - Input is a BST,two-sum-iv-input-is-a-bst,,Hard,"Tree, "
654,Maximum Binary Tree,Maximum Binary Tree,maximum-binary-tree,,Hard,"Tree, "
658,Find K Closest Elements,Find K Closest Elements,find-k-closest-elements,,Hard,"Binary Search, "
663,Equal Tree Partition,Equal Tree Partition,equal-tree-partition,,Hard,"Tree, "
664,Strange Printer,Strange Printer,strange-printer,,Hard,"Dynamic Programming, Depth-first Search, "
669,Trim a Binary Search Tree,Trim a Binary Search Tree,trim-a-binary-search-tree,,Hard,"Tree, "
674,Longest Continuous Increasing Subsequence,Longest Continuous Increasing Subsequence,longest-continuous-increasing-subsequence,,Hard,"Array, "
677,Map Sum Pairs,Map Sum Pairs,map-sum-pairs,,Hard,"Trie, "
684,Redundant Connection,Redundant Connection,redundant-connection,,Hard,"Tree, Union Find, Graph, "
691,Stickers to Spell Word,Stickers to Spell Word,stickers-to-spell-word,,Hard,"Dynamic Programming, Backtracking, "
696,Count Binary Substrings,Count Binary Substrings,count-binary-substrings,,Hard,"String, "
700,Search in a Binary Search Tree,Search in a Binary Search Tree,search-in-a-binary-search-tree,,Hard,"Tree, "
701,Insert into a Binary Search Tree,Insert into a Binary Search Tree,insert-into-a-binary-search-tree,,Hard,"Tree, "
702,Search in a Sorted Array of Unknown Size,Search in a Sorted Array of Unknown Size,search-in-a-sorted-array-of-unknown-size,,Hard,"Binary Search, "
706,Design HashMap,Design HashMap,design-hashmap,,Hard,"Hash Table, Design, "
715,Range Module,Range Module,range-module,,Hard,"Segment Tree, Ordered Map, "
730,Count Different Palindromic Subsequences,Count Different Palindromic Subsequences,count-different-palindromic-subsequences,,Hard,"String, Dynamic Programming, "
731,My Calendar II,My Calendar II,my-calendar-ii,,Hard,"Ordered Map, "
733,Flood Fill,Flood Fill,flood-fill,,Hard,"Depth-first Search, "
735,Asteroid Collision,Asteroid Collision,asteroid-collision,,Hard,"Stack, "
738,Monotone Increasing Digits,Monotone Increasing Digits,monotone-increasing-digits,,Hard,"Greedy, "
743,Network Delay Time,Network Delay Time,network-delay-time,,Hard,"Heap, Depth-first Search, Breadth-first Search, Graph, "
750,Number Of Corner Rectangles,Number Of Corner Rectangles,number-of-corner-rectangles,,Hard,"Dynamic Programming, "
757,Set Intersection Size At Least Two,Set Intersection Size At Least Two,set-intersection-size-at-least-two,,Hard,"Greedy, "
759,Employee Free Time,Employee Free Time,employee-free-time,,Hard,"Heap, Greedy, "
765,Couples Holding Hands,Couples Holding Hands,couples-holding-hands,,Hard,"Greedy, Union Find, Graph, "
769,Max Chunks To Make Sorted,Max Chunks To Make Sorted,max-chunks-to-make-sorted,,Hard,"Array, "
771,Jewels and Stones,Jewels and Stones,jewels-and-stones,,Hard,"Hash Table, "
774,Minimize Max Distance to Gas Station,Minimize Max Distance to Gas Station,minimize-max-distance-to-gas-station,,Hard,"Binary Search, "
778,Swim in Rising Water,Swim in Rising Water,swim-in-rising-water,,Hard,"Binary Search, Heap, Depth-first Search, Union Find, "
785,Is Graph Bipartite?,Is Graph Bipartite?,is-graph-bipartite,,Hard,"Depth-first Search, Breadth-first Search, Graph, "
797,All Paths From Source to Target,All Paths From Source to Target,all-paths-from-source-to-target,,Hard,
798,Smallest Rotation with Highest Score,Smallest Rotation with Highest Score,smallest-rotation-with-highest-score,,Hard,
818,Race Car,Race Car,race-car,,Hard,"Dynamic Programming, Heap, "
823,Binary Trees With Factors,Binary Trees With Factors,binary-trees-with-factors,,Hard,
828,Count Unique Characters of All Substrings of a Given String,Count Unique Characters of All Substrings of a Given String,count-unique-characters-of-all-substrings-of-a-given-string,,Hard,"Two Pointers, "
832,Flipping an Image,Flipping an Image,flipping-an-image,,Hard,"Array, "
838,Push Dominoes,Push Dominoes,push-dominoes,,Hard,"Two Pointers, Dynamic Programming, "
846,Hand of Straights,Hand of Straights,hand-of-straights,,Hard,"Ordered Map, "
847,Shortest Path Visiting All Nodes,Shortest Path Visiting All Nodes,shortest-path-visiting-all-nodes,,Hard,"Dynamic Programming, Breadth-first Search, "
849,Maximize Distance to Closest Person,Maximize Distance to Closest Person,maximize-distance-to-closest-person,,Hard,"Array, "
850,Rectangle Area II,Rectangle Area II,rectangle-area-ii,,Hard,"Segment Tree, Line Sweep, "
854,K-Similar Strings,K-Similar Strings,k-similar-strings,,Hard,"Breadth-first Search, Graph, "
857,Minimum Cost to Hire K Workers,Minimum Cost to Hire K Workers,minimum-cost-to-hire-k-workers,,Hard,"Heap, "
860,Lemonade Change,Lemonade Change,lemonade-change,,Hard,"Greedy, "
875,Koko Eating Bananas,Koko Eating Bananas,koko-eating-bananas,,Hard,"Binary Search, "
879,Profitable Schemes,Profitable Schemes,profitable-schemes,,Hard,"Dynamic Programming, "
887,Super Egg Drop,Super Egg Drop,super-egg-drop,,Hard,"Math, Binary Search, Dynamic Programming, "
890,Find and Replace Pattern,Find and Replace Pattern,find-and-replace-pattern,,Hard,"String, "
894,All Possible Full Binary Trees,All Possible Full Binary Trees,all-possible-full-binary-trees,,Hard,"Tree, Recursion, "
901,Online Stock Span,Online Stock Span,online-stock-span,,Hard,"Stack, "
903,Valid Permutations for DI Sequence,Valid Permutations for DI Sequence,valid-permutations-for-di-sequence,,Hard,"Divide and Conquer, Dynamic Programming, "
915,Partition Array into Disjoint Intervals,Partition Array into Disjoint Intervals,partition-array-into-disjoint-intervals,,Hard,"Array, "
920,Number of Music Playlists,Number of Music Playlists,number-of-music-playlists,,Hard,"Dynamic Programming, "
925,Long Pressed Name,Long Pressed Name,long-pressed-name,,Hard,"Two Pointers, String, "
931,Minimum Falling Path Sum,Minimum Falling Path Sum,minimum-falling-path-sum,,Hard,"Dynamic Programming, "
938,Range Sum of BST,Range Sum of BST,range-sum-of-bst,,Hard,"Tree, Recursion, "
965,Univalued Binary Tree,Univalued Binary Tree,univalued-binary-tree,,Hard,"Tree, "
976,Largest Perimeter Triangle,Largest Perimeter Triangle,largest-perimeter-triangle,,Hard,"Math, Sort, "
980,Unique Paths III,Unique Paths III,unique-paths-iii,,Hard,"Backtracking, Depth-first Search, "
981,Time Based Key-Value Store,Time Based Key-Value Store,time-based-key-value-store,,Hard,"Hash Table, Binary Search, "
994,Rotting Oranges,Rotting Oranges,rotting-oranges,,Hard,"Breadth-first Search, "
995,Minimum Number of K Consecutive Bit Flips,Minimum Number of K Consecutive Bit Flips,minimum-number-of-k-consecutive-bit-flips,,Hard,"Greedy, Sliding Window, "
997,Find the Town Judge,Find the Town Judge,find-the-town-judge,,Hard,"Graph, "
1002,Find Common Characters,Find Common Characters,find-common-characters,,Hard,"Array, Hash Table, "
1005,Maximize Sum Of Array After K Negations,Maximize Sum Of Array After K Negations,maximize-sum-of-array-after-k-negations,,Hard,"Greedy, "
1009,Complement of Base 10 Integer,Complement of Base 10 Integer,complement-of-base-10-integer,,Hard,"Math, "
1010,Pairs of Songs With Total Durations Divisible by 60,Pairs of Songs With Total Durations Divisible by 60,pairs-of-songs-with-total-durations-divisible-by-60,,Hard,"Array, "
1013,Partition Array Into Three Parts With Equal Sum,Partition Array Into Three Parts With Equal Sum,partition-array-into-three-parts-with-equal-sum,,Hard,"Array, "
1022,Sum of Root To Leaf Binary Numbers,Sum of Root To Leaf Binary Numbers,sum-of-root-to-leaf-binary-numbers,,Hard,"Tree, "
1029,Two City Scheduling,Two City Scheduling,two-city-scheduling,,Hard,"Greedy, "
1038,Binary Search Tree to Greater Sum Tree,Binary Search Tree to Greater Sum Tree,binary-search-tree-to-greater-sum-tree,,Hard,"Binary Search Tree, "
1039,Minimum Score Triangulation of Polygon,Minimum Score Triangulation of Polygon,minimum-score-triangulation-of-polygon,,Hard,"Dynamic Programming, "
1043,Partition Array for Maximum Sum,Partition Array for Maximum Sum,partition-array-for-maximum-sum,,Hard,"Graph, "
1047,Remove All Adjacent Duplicates In String,Remove All Adjacent Duplicates In String,remove-all-adjacent-duplicates-in-string,,Hard,"Stack, "
1052,Grumpy Bookstore Owner,Grumpy Bookstore Owner,grumpy-bookstore-owner,,Hard,"Array, Sliding Window, "
1061,Lexicographically Smallest Equivalent String,Lexicographically Smallest Equivalent String,lexicographically-smallest-equivalent-string,,Hard,"Depth-first Search, Union Find, "
1063,Number of Valid Subarrays,Number of Valid Subarrays,number-of-valid-subarrays,,Hard,"Stack, "
1066,Campus Bikes II,Campus Bikes II,campus-bikes-ii,,Hard,"Dynamic Programming, Backtracking, "
1072,Flip Columns For Maximum Number of Equal Rows,Flip Columns For Maximum Number of Equal Rows,flip-columns-for-maximum-number-of-equal-rows,,Hard,"Hash Table, "
1087,Brace Expansion,Brace Expansion,brace-expansion,,Hard,"Backtracking, "
1091,Shortest Path in Binary Matrix,Shortest Path in Binary Matrix,shortest-path-in-binary-matrix,,Hard,"Tree, Depth-first Search, "
1095,Find in Mountain Array,Find in Mountain Array,find-in-mountain-array,,Hard,"Binary Search, "
1099,Two Sum Less Than K,Two Sum Less Than K,two-sum-less-than-k,,Hard,"Array, "
1102,Path With Maximum Minimum Value,Path With Maximum Minimum Value,path-with-maximum-minimum-value,,Hard,"Depth-first Search, Union Find, Graph, "
1106,Parsing A Boolean Expression,Parsing A Boolean Expression,parsing-a-boolean-expression,,Hard,"String, "
1112,Highest Grade For Each Student,Highest Grade For Each Student,highest-grade-for-each-student,,Hard,
1114,Print in Order,Print in Order,print-in-order,,Hard,
1115,Print FooBar Alternately,Print FooBar Alternately,print-foobar-alternately,,Hard,
1124,Longest Well-Performing Interval,Longest Well-Performing Interval,longest-well-performing-interval,,Hard,"Stack, "
1126,Active Businesses,Active Businesses,active-businesses,,Hard,
1133,Largest Unique Number,Largest Unique Number,largest-unique-number,,Hard,"Array, Hash Table, "
1137,N-th Tribonacci Number,N-th Tribonacci Number,n-th-tribonacci-number,,Hard,"Recursion, "
1147,Longest Chunked Palindrome Decomposition,Longest Chunked Palindrome Decomposition,longest-chunked-palindrome-decomposition,,Hard,"Dynamic Programming, Rolling Hash, "
1156,Swap For Longest Repeated Character Substring,Swap For Longest Repeated Character Substring,swap-for-longest-repeated-character-substring,,Hard,"String, "
1157,Online Majority Element In Subarray,Online Majority Element In Subarray,online-majority-element-in-subarray,,Hard,"Array, Binary Search, Segment Tree, "
1165,Single-Row Keyboard,Single-Row Keyboard,single-row-keyboard,,Hard,"String, "
1171,Remove Zero Sum Consecutive Nodes from Linked List,Remove Zero Sum Consecutive Nodes from Linked List,remove-zero-sum-consecutive-nodes-from-linked-list,,Hard,"Linked List, "
1172,Dinner Plate Stacks,Dinner Plate Stacks,dinner-plate-stacks,,Hard,"Design, "
1173,Immediate Food Delivery I,Immediate Food Delivery I,immediate-food-delivery-i,,Hard,
1178,Number of Valid Words for Each Puzzle,Number of Valid Words for Each Puzzle,number-of-valid-words-for-each-puzzle,,Hard,"Hash Table, Bit Manipulation, "
1184,Distance Between Bus Stops,Distance Between Bus Stops,distance-between-bus-stops,,Hard,"Array, "
1188,Design Bounded Blocking Queue,Design Bounded Blocking Queue,design-bounded-blocking-queue,,Hard,
1189,Maximum Number of Balloons,Maximum Number of Balloons,maximum-number-of-balloons,,Hard,"Hash Table, String, "
1191,K-Concatenation Maximum Sum,K-Concatenation Maximum Sum,k-concatenation-maximum-sum,,Hard,"Dynamic Programming, "
1198,Find Smallest Common Element in All Rows,Find Smallest Common Element in All Rows,find-smallest-common-element-in-all-rows,,Hard,"Hash Table, Binary Search, "
1200,Minimum Absolute Difference,Minimum Absolute Difference,minimum-absolute-difference,,Hard,"Array, "
1204,Last Person to Fit in the Elevator,Last Person to Fit in the Elevator,last-person-to-fit-in-the-elevator,,Hard,
1206,Design Skiplist,Design Skiplist,design-skiplist,,Hard,"Design, "
1208,Get Equal Substrings Within Budget,Get Equal Substrings Within Budget,get-equal-substrings-within-budget,,Hard,"Array, Sliding Window, "
1213,Intersection of Three Sorted Arrays,Intersection of Three Sorted Arrays,intersection-of-three-sorted-arrays,,Hard,"Hash Table, Two Pointers, "
1214,Two Sum BSTs,Two Sum BSTs,two-sum-bsts,,Hard,"Binary Search Tree, "
1215,Stepping Numbers,Stepping Numbers,stepping-numbers,,Hard,"Backtracking, "
1218,Longest Arithmetic Subsequence of Given Difference,Longest Arithmetic Subsequence of Given Difference,longest-arithmetic-subsequence-of-given-difference,,Hard,"Math, Dynamic Programming, "
1224,Maximum Equal Frequency,Maximum Equal Frequency,maximum-equal-frequency,,Hard,"Hash Table, "
1228,Missing Number In Arithmetic Progression,Missing Number In Arithmetic Progression,missing-number-in-arithmetic-progression,,Hard,"Math, "
1230,Toss Strange Coins,Toss Strange Coins,toss-strange-coins,,Hard,"Math, Dynamic Programming, "
1231,Divide Chocolate,Divide Chocolate,divide-chocolate,,Hard,"Binary Search, Greedy, "
1239,Maximum Length of a Concatenated String with Unique Characters,Maximum Length of a Concatenated String with Unique Characters,maximum-length-of-a-concatenated-string-with-unique-characters,,Hard,"Backtracking, Bit Manipulation, "
1242,Web Crawler Multithreaded,Web Crawler Multithreaded,web-crawler-multithreaded,,Hard,"Depth-first Search, Breadth-first Search, "
1253,Reconstruct a 2-Row Binary Matrix,Reconstruct a 2-Row Binary Matrix,reconstruct-a-2-row-binary-matrix,,Hard,"Math, Greedy, "
1255,Maximum Score Words Formed by Letters,Maximum Score Words Formed by Letters,maximum-score-words-formed-by-letters,,Hard,"Bit Manipulation, "
1257,Smallest Common Region,Smallest Common Region,smallest-common-region,,Hard,"Tree, "
1259,Handshakes That Don't Cross,Handshakes That Don't Cross,handshakes-that-dont-cross,,Hard,"Math, Dynamic Programming, "
1264,Page Recommendations,Page Recommendations,page-recommendations,,Hard,
1267,Count Servers that Communicate,Count Servers that Communicate,count-servers-that-communicate,,Hard,"Array, Graph, "
1268,Search Suggestions System,Search Suggestions System,search-suggestions-system,,Hard,"String, "
1272,Remove Interval,Remove Interval,remove-interval,,Hard,"Math, Line Sweep, "
1280,Students and Examinations,Students and Examinations,students-and-examinations,,Hard,
1285,Find the Start and End Number of Continuous Ranges,Find the Start and End Number of Continuous Ranges,find-the-start-and-end-number-of-continuous-ranges,,Hard,
1286,Iterator for Combination,Iterator for Combination,iterator-for-combination,,Hard,"Backtracking, Design, "
1287,Element Appearing More Than 25% In Sorted Array,Element Appearing More Than 25% In Sorted Array,element-appearing-more-than-25-in-sorted-array,,Hard,"Array, "
1288,Remove Covered Intervals,Remove Covered Intervals,remove-covered-intervals,,Hard,"Line Sweep, "
1289,Minimum Falling Path Sum II,Minimum Falling Path Sum II,minimum-falling-path-sum-ii,,Hard,"Dynamic Programming, "
1290,Convert Binary Number in a Linked List to Integer,Convert Binary Number in a Linked List to Integer,convert-binary-number-in-a-linked-list-to-integer,,Hard,"Linked List, Bit Manipulation, "
1291,Sequential Digits,Sequential Digits,sequential-digits,,Hard,"Backtracking, "
1295,Find Numbers with Even Number of Digits,Find Numbers with Even Number of Digits,find-numbers-with-even-number-of-digits,,Hard,"Array, "
1296,Divide Array in Sets of K Consecutive Numbers,Divide Array in Sets of K Consecutive Numbers,divide-array-in-sets-of-k-consecutive-numbers,,Hard,"Array, Greedy, "
1300,Sum of Mutated Array Closest to Target,Sum of Mutated Array Closest to Target,sum-of-mutated-array-closest-to-target,,Hard,"Array, Binary Search, "
1301,Number of Paths with Max Score,Number of Paths with Max Score,number-of-paths-with-max-score,,Hard,"Dynamic Programming, "
1303,Find the Team Size,Find the Team Size,find-the-team-size,,Hard,
1309,Decrypt String from Alphabet to Integer Mapping,Decrypt String from Alphabet to Integer Mapping,decrypt-string-from-alphabet-to-integer-mapping,,Hard,"String, "
1318,Minimum Flips to Make a OR b Equal to c,Minimum Flips to Make a OR b Equal to c,minimum-flips-to-make-a-or-b-equal-to-c,,Hard,"Bit Manipulation, "
1331,Rank Transform of an Array,Rank Transform of an Array,rank-transform-of-an-array,,Hard,"Array, "
1334,Find the City With the Smallest Number of Neighbors at a Threshold Distance,Find the City With the Smallest Number of Neighbors at a Threshold Distance,find-the-city-with-the-smallest-number-of-neighbors-at-a-threshold-distance,,Hard,"Graph, "
1337,The K Weakest Rows in a Matrix,The K Weakest Rows in a Matrix,the-k-weakest-rows-in-a-matrix,,Hard,"Array, Binary Search, "
1338,Reduce Array Size to The Half,Reduce Array Size to The Half,reduce-array-size-to-the-half,,Hard,"Array, Greedy, "
1339,Maximum Product of Splitted Binary Tree,Maximum Product of Splitted Binary Tree,maximum-product-of-splitted-binary-tree,,Hard,"Dynamic Programming, Tree, Depth-first Search, "
1342,Number of Steps to Reduce a Number to Zero,Number of Steps to Reduce a Number to Zero,number-of-steps-to-reduce-a-number-to-zero,,Hard,"Bit Manipulation, "
1345,Jump Game IV,Jump Game IV,jump-game-iv,,Hard,"Breadth-first Search, "
1347,Minimum Number of Steps to Make Two Strings Anagram,Minimum Number of Steps to Make Two Strings Anagram,minimum-number-of-steps-to-make-two-strings-anagram,,Hard,"String, "
1350,Students With Invalid Departments,Students With Invalid Departments,students-with-invalid-departments,,Hard,
1353,Maximum Number of Events That Can Be Attended,Maximum Number of Events That Can Be Attended,maximum-number-of-events-that-can-be-attended,,Hard,"Greedy, Sort, Segment Tree, "
1356,Sort Integers by The Number of 1 Bits,Sort Integers by The Number of 1 Bits,sort-integers-by-the-number-of-1-bits,,Hard,"Sort, Bit Manipulation, "
1359,Count All Valid Pickup and Delivery Options,Count All Valid Pickup and Delivery Options,count-all-valid-pickup-and-delivery-options,,Hard,"Math, Dynamic Programming, "
1369,Get the Second Most Recent Activity,Get the Second Most Recent Activity,get-the-second-most-recent-activity,,Hard,
1375,Bulb Switcher III,Bulb Switcher III,bulb-switcher-iii,,Hard,"Array, "
1376,Time Needed to Inform All Employees,Time Needed to Inform All Employees,time-needed-to-inform-all-employees,,Hard,"Depth-first Search, "
1380,Lucky Numbers in a Matrix,Lucky Numbers in a Matrix,lucky-numbers-in-a-matrix,,Hard,"Array, "
1381,Design a Stack With Increment Operation,Design a Stack With Increment Operation,design-a-stack-with-increment-operation,,Hard,"Stack, Design, "
1382,Balance a Binary Search Tree,Balance a Binary Search Tree,balance-a-binary-search-tree,,Hard,"Binary Search Tree, "
1383,Maximum Performance of a Team,Maximum Performance of a Team,maximum-performance-of-a-team,,Hard,"Greedy, Sort, "
1387,Sort Integers by The Power Value,Sort Integers by The Power Value,sort-integers-by-the-power-value,,Hard,"Sort, Graph, "
1392,Longest Happy Prefix,Longest Happy Prefix,longest-happy-prefix,,Hard,"String, "
1396,Design Underground System,Design Underground System,design-underground-system,,Hard,"Design, "
1398,Customers Who Bought Products A and B but Not C,Customers Who Bought Products A and B but Not C,customers-who-bought-products-a-and-b-but-not-c,,Hard,
1400,Construct K Palindrome Strings,Construct K Palindrome Strings,construct-k-palindrome-strings,,Hard,"Greedy, "
1404,Number of Steps to Reduce a Number in Binary Representation to One,Number of Steps to Reduce a Number in Binary Representation to One,number-of-steps-to-reduce-a-number-in-binary-representation-to-one,,Hard,"String, Bit Manipulation, "
1414,Find the Minimum Number of Fibonacci Numbers Whose Sum Is K,Find the Minimum Number of Fibonacci Numbers Whose Sum Is K,find-the-minimum-number-of-fibonacci-numbers-whose-sum-is-k,,Hard,"Array, Greedy, "
1422,Maximum Score After Splitting a String,Maximum Score After Splitting a String,maximum-score-after-splitting-a-string,,Hard,"String, "
1424,Diagonal Traverse II,Diagonal Traverse II,diagonal-traverse-ii,,Hard,"Array, Sort, "
1427,Perform String Shifts,Perform String Shifts,perform-string-shifts,,Hard,"Array, Math, "
1429,First Unique Number,First Unique Number,first-unique-number,,Hard,"Hash Table, Design, "
1430,Check If a String Is a Valid Sequence from Root to Leaves Path in a Binary Tree,Check If a String Is a Valid Sequence from Root to Leaves Path in a Binary Tree,check-if-a-string-is-a-valid-sequence-from-root-to-leaves-path-in-a-binary-tree,,Hard,"Tree, "
1436,Destination City,Destination City,destination-city,,Hard,"String, "
1443,Minimum Time to Collect All Apples in a Tree,Minimum Time to Collect All Apples in a Tree,minimum-time-to-collect-all-apples-in-a-tree,,Hard,"Tree, Depth-first Search, "
1456,Maximum Number of Vowels in a Substring of Given Length,Maximum Number of Vowels in a Substring of Given Length,maximum-number-of-vowels-in-a-substring-of-given-length,,Hard,"String, Sliding Window, "
1462,Course Schedule IV,Course Schedule IV,course-schedule-iv,,Hard,"Graph, "
1470,Shuffle the Array,Shuffle the Array,shuffle-the-array,,Hard,"Array, "
1475,Final Prices With a Special Discount in a Shop,Final Prices With a Special Discount in a Shop,final-prices-with-a-special-discount-in-a-shop,,Hard,"Array, "
1480,Running Sum of 1d Array,Running Sum of 1d Array,running-sum-of-1d-array,,Hard,"Array, "
1481,Least Number of Unique Integers after K Removals,Least Number of Unique Integers after K Removals,least-number-of-unique-integers-after-k-removals,,Hard,"Array, Sort, "
1484,Group Sold Products By The Date,Group Sold Products By The Date,group-sold-products-by-the-date,,Hard,
1494,Parallel Courses II,Parallel Courses II,parallel-courses-ii,,Hard,"Graph, "
1497,Check If Array Pairs Are Divisible by k,Check If Array Pairs Are Divisible by k,check-if-array-pairs-are-divisible-by-k,,Hard,"Array, Math, Greedy, "
1502,Can Make Arithmetic Progression From Sequence,Can Make Arithmetic Progression From Sequence,can-make-arithmetic-progression-from-sequence,,Hard,"Array, Sort, "
1505,Minimum Possible Integer After at Most K Adjacent Swaps On Digits,Minimum Possible Integer After at Most K Adjacent Swaps On Digits,minimum-possible-integer-after-at-most-k-adjacent-swaps-on-digits,,Hard,"Greedy, "
